sensor_id,latitude,longitude
1.000000000000000000e+00,4.060803099999999688e+01,-7.413212000000000046e+01
2.000000000000000000e+00,4.060759000000000185e+01,-7.414090000000000202e+01
3.000000000000000000e+00,4.061486000000000018e+01,-7.415738000000000341e+01
4.000000000000000000e+00,4.060931000000000068e+01,-7.415012000000000114e+01
5.000000000000000000e+00,4.060846000000000089e+01,-7.414847000000000321e+01
6.000000000000000000e+00,4.060790000000000077e+01,-7.414683100000000593e+01
7.000000000000000000e+00,4.060764000000000351e+01,-7.414555000000000007e+01
8.000000000000000000e+00,4.060749059999999844e+01,-7.414404000000000394e+01
9.000000000000000000e+00,4.060757000000000261e+01,-7.414090000000000202e+01
1.000000000000000000e+01,4.063092000000000326e+01,-7.414592000000000382e+01
1.100000000000000000e+01,4.062975000000000136e+01,-7.414593000000000700e+01
1.200000000000000000e+01,4.062877000000000294e+01,-7.414579000000000519e+01
1.300000000000000000e+01,4.062795059999999836e+01,-7.414567099999999300e+01
1.400000000000000000e+01,4.062713000000000108e+01,-7.414568099999999617e+01
1.500000000000000000e+01,4.062637000000000143e+01,-7.414585999999999899e+01
1.600000000000000000e+01,4.062542049999999705e+01,-7.414618000000000109e+01
1.700000000000000000e+01,4.062475059999999871e+01,-7.414638100000000520e+01
1.800000000000000000e+01,4.062410059999999845e+01,-7.414666099999999460e+01
1.900000000000000000e+01,4.062340040000000130e+01,-7.414704000000000406e+01
2.000000000000000000e+01,4.062260059999999839e+01,-7.414750100000000543e+01
2.100000000000000000e+01,4.062175059999999860e+01,-7.414818099999999390e+01
2.200000000000000000e+01,4.062101049999999702e+01,-7.416886100000000681e+01
2.300000000000000000e+01,4.062076040000000177e+01,-7.416800000000000637e+01
2.400000000000000000e+01,4.061821050000000355e+01,-7.416238099999999633e+01
2.500000000000000000e+01,4.061540000000000106e+01,-7.415806000000000608e+01
2.600000000000000000e+01,4.061494040000000183e+01,-7.415748000000000673e+01
2.700000000000000000e+01,4.062102000000000146e+01,-7.416886100000000681e+01
2.800000000000000000e+01,4.062123040000000174e+01,-7.416992000000000473e+01
2.900000000000000000e+01,4.062123040000000174e+01,-7.417096100000000547e+01
3.000000000000000000e+01,4.062063059999999837e+01,-7.417356100000000652e+01
3.100000000000000000e+01,4.061971049999999650e+01,-7.417509099999999478e+01
3.200000000000000000e+01,4.061886049999999670e+01,-7.417597000000000662e+01
3.300000000000000000e+01,4.061693000000000353e+01,-7.417730000000000246e+01
3.400000000000000000e+01,4.060685000000000144e+01,-7.418336100000000499e+01
3.500000000000000000e+01,4.060437000000000296e+01,-7.418531000000000120e+01
3.600000000000000000e+01,4.060209040000000158e+01,-7.418771099999999308e+01
3.700000000000000000e+01,4.060213000000000250e+01,-7.418798099999999351e+01
3.800000000000000000e+01,4.060504000000000246e+01,-7.418500000000000227e+01
3.900000000000000000e+01,4.060687000000000069e+01,-7.418360099999999591e+01
4.000000000000000000e+01,4.060979999999999990e+01,-7.418198099999999329e+01
4.100000000000000000e+01,4.061577050000000355e+01,-7.417837000000000103e+01
4.200000000000000000e+01,4.061719000000000079e+01,-7.417782099999999446e+01
4.300000000000000000e+01,4.061921000000000248e+01,-7.417714100000000599e+01
4.400000000000000000e+01,4.062079099999999698e+01,-7.417557100000000503e+01
4.500000000000000000e+01,4.062154000000000309e+01,-7.417419099999999332e+01
4.600000000000000000e+01,4.062188040000000200e+01,-7.417309000000000196e+01
4.700000000000000000e+01,4.062204049999999711e+01,-7.417158000000000584e+01
4.800000000000000000e+01,4.062189000000000050e+01,-7.417091000000000633e+01
4.900000000000000000e+01,4.062119059999999848e+01,-7.409999999999999432e+01
5.000000000000000000e+01,4.059005049999999670e+01,-7.419356000000000506e+01
5.100000000000000000e+01,4.059141000000000332e+01,-7.419352000000000658e+01
5.200000000000000000e+01,4.059412999999999982e+01,-7.419266000000000361e+01
5.300000000000000000e+01,4.059840049999999678e+01,-7.419098999999999933e+01
5.400000000000000000e+01,4.059978000000000264e+01,-7.419013999999999953e+01
5.500000000000000000e+01,4.060139000000000209e+01,-7.418874099999999316e+01
5.600000000000000000e+01,4.060778049999999695e+01,-7.414091000000000520e+01
5.700000000000000000e+01,4.060826000000000136e+01,-7.413210100000000580e+01
5.800000000000000000e+01,4.061521050000000344e+01,-7.415740099999999302e+01
5.900000000000000000e+01,4.061231000000000080e+01,-7.415362000000000364e+01
6.000000000000000000e+01,4.060952000000000339e+01,-7.414996100000000467e+01
6.100000000000000000e+01,4.060882000000000147e+01,-7.414878000000000213e+01
6.200000000000000000e+01,4.060832059999999899e+01,-7.414756099999999606e+01
6.300000000000000000e+01,4.060787049999999709e+01,-7.414574000000000353e+01
6.400000000000000000e+01,4.060772000000000048e+01,-7.414415999999999940e+01
6.500000000000000000e+01,4.061517059999999901e+01,-7.415738000000000341e+01
6.600000000000000000e+01,4.061739000000000033e+01,-7.416056000000000381e+01
6.700000000000000000e+01,4.062054049999999705e+01,-7.416683000000000447e+01
6.800000000000000000e+01,4.062096040000000130e+01,-7.416791000000000622e+01
6.900000000000000000e+01,4.062105040000000145e+01,-7.416819099999999310e+01
7.000000000000000000e+01,4.062119059999999848e+01,-7.416873999999999967e+01
7.100000000000000000e+01,4.060209040000000158e+01,-7.418770000000000664e+01
7.200000000000000000e+01,4.060033099999999706e+01,-7.418943000000000154e+01
7.300000000000000000e+01,4.059783000000000186e+01,-7.419098999999999933e+01
7.400000000000000000e+01,4.059207099999999713e+01,-7.419313099999999395e+01
7.500000000000000000e+01,4.059074040000000139e+01,-7.419333000000000311e+01
7.600000000000000000e+01,4.059020000000000294e+01,-7.419331999999999994e+01
7.700000000000000000e+01,4.061624050000000352e+01,-7.402612000000000592e+01
7.800000000000000000e+01,4.061923000000000172e+01,-7.402361000000000502e+01
7.900000000000000000e+01,4.062362000000000251e+01,-7.401983099999999638e+01
8.000000000000000000e+01,4.062484059999999886e+01,-7.401906099999999356e+01
8.100000000000000000e+01,4.062579000000000207e+01,-7.401859000000000322e+01
8.200000000000000000e+01,4.062790040000000147e+01,-7.401772099999999455e+01
8.300000000000000000e+01,4.063049000000000177e+01,-7.401676000000000499e+01
8.400000000000000000e+01,4.063239000000000090e+01,-7.401606099999999344e+01
8.500000000000000000e+01,4.063336000000000325e+01,-7.401586000000000354e+01
8.600000000000000000e+01,4.061632000000000176e+01,-7.402630000000000621e+01
8.700000000000000000e+01,4.061928000000000338e+01,-7.402375000000000682e+01
8.800000000000000000e+01,4.062372059999999863e+01,-7.401995100000000605e+01
8.900000000000000000e+01,4.062480000000000047e+01,-7.401924999999999955e+01
9.000000000000000000e+01,4.062583000000000055e+01,-7.401874100000000567e+01
9.100000000000000000e+01,4.062795059999999836e+01,-7.401789100000000587e+01
9.200000000000000000e+01,4.063065000000000282e+01,-7.401698000000000377e+01
9.300000000000000000e+01,4.063237000000000165e+01,-7.401632100000000491e+01
9.400000000000000000e+01,4.063323050000000336e+01,-7.401615099999999359e+01
9.500000000000000000e+01,4.084064000000000050e+01,-7.383831000000000699e+01
9.600000000000000000e+01,4.083881000000000228e+01,-7.383853000000000577e+01
9.700000000000000000e+01,4.083463040000000177e+01,-7.383839000000000397e+01
9.800000000000000000e+01,4.083261000000000251e+01,-7.383804000000000656e+01
9.900000000000000000e+01,4.083066000000000173e+01,-7.383752099999999530e+01
1.000000000000000000e+02,4.082807040000000143e+01,-7.383668000000000120e+01
1.010000000000000000e+02,4.082495000000000118e+01,-7.383621100000000581e+01
1.020000000000000000e+02,4.085635059999999896e+01,-7.387233000000000516e+01
1.030000000000000000e+02,4.085219000000000023e+01,-7.387137099999999634e+01
1.040000000000000000e+02,4.085007000000000232e+01,-7.387111000000000161e+01
1.050000000000000000e+02,4.084694040000000115e+01,-7.387115000000000009e+01
1.060000000000000000e+02,4.084596049999999678e+01,-7.387131100000000572e+01
1.070000000000000000e+02,4.084240049999999655e+01,-7.387202000000000623e+01
1.080000000000000000e+02,4.083961000000000041e+01,-7.387273000000000422e+01
1.090000000000000000e+02,4.083624040000000122e+01,-7.387372000000000583e+01
1.100000000000000000e+02,4.083495059999999910e+01,-7.387390000000000612e+01
1.110000000000000000e+02,4.083336059999999890e+01,-7.387383099999999558e+01
1.120000000000000000e+02,4.083197049999999706e+01,-7.387368100000000481e+01
1.130000000000000000e+02,4.082985000000000042e+01,-7.387313000000000329e+01
1.140000000000000000e+02,4.072792050000000330e+01,-7.383298000000000627e+01
1.150000000000000000e+02,4.072689040000000205e+01,-7.383239000000000374e+01
1.160000000000000000e+02,4.072639000000000209e+01,-7.383200100000000532e+01
1.170000000000000000e+02,4.072575049999999663e+01,-7.383126000000000033e+01
1.180000000000000000e+02,4.072495099999999724e+01,-7.383003100000000529e+01
1.190000000000000000e+02,4.072430099999999698e+01,-7.382914100000000701e+01
1.200000000000000000e+02,4.072369049999999646e+01,-7.382847999999999900e+01
1.210000000000000000e+02,4.072290000000000276e+01,-7.382780099999999379e+01
1.220000000000000000e+02,4.072096049999999678e+01,-7.382654100000000597e+01
1.230000000000000000e+02,4.072040049999999667e+01,-7.382634000000000185e+01
1.240000000000000000e+02,4.071958000000000055e+01,-7.382621000000000322e+01
1.250000000000000000e+02,4.071886099999999686e+01,-7.382634000000000185e+01
1.260000000000000000e+02,4.070242040000000117e+01,-7.381648099999999602e+01
1.270000000000000000e+02,4.070084099999999694e+01,-7.381575100000000589e+01
1.280000000000000000e+02,4.069725999999999999e+01,-7.381382000000000687e+01
1.290000000000000000e+02,4.069591049999999655e+01,-7.381298099999999351e+01
1.300000000000000000e+02,4.068863000000000341e+01,-7.380886099999999317e+01
1.310000000000000000e+02,4.067751049999999680e+01,-7.380326100000000622e+01
1.320000000000000000e+02,4.067445000000000022e+01,-7.380181000000000324e+01
1.330000000000000000e+02,4.067374000000000223e+01,-7.380154000000000281e+01
1.340000000000000000e+02,4.067261059999999873e+01,-7.380130099999999516e+01
1.350000000000000000e+02,4.067082059999999899e+01,-7.380123000000000388e+01
1.360000000000000000e+02,4.066752000000000322e+01,-7.380148099999999545e+01
1.370000000000000000e+02,4.066479000000000354e+01,-7.380232100000000628e+01
1.380000000000000000e+02,4.066407000000000238e+01,-7.380251099999999553e+01
1.390000000000000000e+02,4.066334049999999678e+01,-7.380228999999999928e+01
1.400000000000000000e+02,4.066271040000000170e+01,-7.380149000000000115e+01
1.410000000000000000e+02,4.066255000000000308e+01,-7.380054099999999551e+01
1.420000000000000000e+02,4.066271040000000170e+01,-7.379977100000000689e+01
1.430000000000000000e+02,4.066314059999999841e+01,-7.379905100000000573e+01
1.560000000000000000e+02,4.072788059999999888e+01,-7.383276100000000497e+01
1.570000000000000000e+02,4.072707050000000351e+01,-7.383231000000000677e+01
1.580000000000000000e+02,4.072651050000000339e+01,-7.383191100000000517e+01
1.590000000000000000e+02,4.072603000000000151e+01,-7.383140000000000214e+01
1.600000000000000000e+02,4.072477099999999695e+01,-7.382950099999999338e+01
1.610000000000000000e+02,4.072428000000000026e+01,-7.382886000000000593e+01
1.620000000000000000e+02,4.072379000000000104e+01,-7.382834099999999466e+01
1.630000000000000000e+02,4.072326000000000334e+01,-7.382785099999999545e+01
1.640000000000000000e+02,4.072246049999999684e+01,-7.382729000000000497e+01
1.650000000000000000e+02,4.072195099999999712e+01,-7.382695999999999970e+01
1.660000000000000000e+02,4.072152049999999690e+01,-7.382668099999999356e+01
1.670000000000000000e+02,4.072096049999999678e+01,-7.382637099999999464e+01
1.680000000000000000e+02,4.081477000000000288e+01,-7.383629000000000531e+01
1.690000000000000000e+02,4.081611000000000189e+01,-7.383626999999999896e+01
1.700000000000000000e+02,4.081784040000000147e+01,-7.383601000000000170e+01
1.710000000000000000e+02,4.082024049999999704e+01,-7.383589000000000624e+01
1.720000000000000000e+02,4.082396099999999706e+01,-7.383607000000000653e+01
1.730000000000000000e+02,4.082513000000000147e+01,-7.383624000000000365e+01
1.740000000000000000e+02,4.071141000000000076e+01,-7.397866000000000497e+01
1.750000000000000000e+02,4.071200000000000330e+01,-7.397793000000000063e+01
1.760000000000000000e+02,4.071266099999999710e+01,-7.397751100000000690e+01
1.770000000000000000e+02,4.071379000000000303e+01,-7.397693099999999333e+01
1.780000000000000000e+02,4.071509040000000113e+01,-7.397625100000000486e+01
1.790000000000000000e+02,4.071640000000000015e+01,-7.397560000000000002e+01
1.800000000000000000e+02,4.071724040000000144e+01,-7.397523099999999374e+01
1.810000000000000000e+02,4.071823049999999711e+01,-7.397496999999999900e+01
1.820000000000000000e+02,4.072006040000000127e+01,-7.397471000000000174e+01
1.830000000000000000e+02,4.072158000000000300e+01,-7.397453000000000145e+01
1.840000000000000000e+02,4.072235059999999862e+01,-7.397433100000000650e+01
1.850000000000000000e+02,4.072328000000000259e+01,-7.397380099999999459e+01
1.860000000000000000e+02,4.072503999999999991e+01,-7.390000000000000568e+01
1.870000000000000000e+02,4.073690059999999846e+01,-7.397465099999999438e+01
1.880000000000000000e+02,4.073868000000000222e+01,-7.397339100000000656e+01
1.890000000000000000e+02,4.073897000000000190e+01,-7.397323000000000093e+01
1.900000000000000000e+02,4.073955000000000126e+01,-7.397298000000000684e+01
1.910000000000000000e+02,4.074153040000000203e+01,-7.397247000000000128e+01
1.920000000000000000e+02,4.074234059999999857e+01,-7.397229000000000099e+01
1.930000000000000000e+02,4.074285040000000180e+01,-7.397213000000000704e+01
1.940000000000000000e+02,4.074338000000000193e+01,-7.397187099999999305e+01
1.950000000000000000e+02,4.074408040000000142e+01,-7.397141000000000588e+01
1.960000000000000000e+02,4.074467059999999918e+01,-7.397102999999999895e+01
1.970000000000000000e+02,4.074556050000000340e+01,-7.397030100000000630e+01
1.980000000000000000e+02,4.074652040000000142e+01,-7.396929000000000087e+01
1.990000000000000000e+02,4.070164050000000344e+01,-7.399112100000000680e+01
2.000000000000000000e+02,4.070157999999999987e+01,-7.399033000000000015e+01
2.010000000000000000e+02,4.070144049999999680e+01,-7.398932000000000642e+01
2.020000000000000000e+02,4.070123000000000246e+01,-7.398797000000000423e+01
2.030000000000000000e+02,4.070115049999999712e+01,-7.398746099999999615e+01
2.040000000000000000e+02,4.070094000000000278e+01,-7.398652099999999621e+01
2.050000000000000000e+02,4.070073000000000008e+01,-7.398592100000000471e+01
2.060000000000000000e+02,4.070054999999999978e+01,-7.398558099999999627e+01
2.070000000000000000e+02,4.070029000000000252e+01,-7.398521100000000672e+01
2.080000000000000000e+02,4.075999999999999801e+01,-7.398495099999999525e+01
2.090000000000000000e+02,4.069975000000000165e+01,-7.398468099999999481e+01
2.100000000000000000e+02,4.069956049999999692e+01,-7.398455099999999618e+01
2.120000000000000000e+02,4.070811049999999653e+01,-7.399944000000000699e+01
2.130000000000000000e+02,4.070847049999999712e+01,-7.399884000000000128e+01
2.140000000000000000e+02,4.070868000000000109e+01,-7.399833099999999320e+01
2.150000000000000000e+02,4.070886000000000138e+01,-7.399775099999999384e+01
2.160000000000000000e+02,4.070900000000000318e+01,-7.399702000000000623e+01
2.170000000000000000e+02,4.070914049999999662e+01,-7.399594000000000449e+01
2.180000000000000000e+02,4.066652059999999835e+01,-7.376246000000000436e+01
2.190000000000000000e+02,4.066738000000000142e+01,-7.377021000000000583e+01
2.200000000000000000e+02,4.066751000000000005e+01,-7.377209000000000572e+01
2.210000000000000000e+02,4.066752000000000322e+01,-7.377286100000000602e+01
2.220000000000000000e+02,4.066749000000000080e+01,-7.377559100000000569e+01
2.230000000000000000e+02,4.066722000000000037e+01,-7.378108000000000288e+01
2.240000000000000000e+02,4.066673000000000116e+01,-7.378647100000000592e+01
2.250000000000000000e+02,4.066673000000000116e+01,-7.378649000000000058e+01
2.260000000000000000e+02,4.066642000000000223e+01,-7.378958000000000084e+01
2.270000000000000000e+02,4.066642000000000223e+01,-7.379042099999999493e+01
2.280000000000000000e+02,4.066650059999999911e+01,-7.379161000000000570e+01
2.290000000000000000e+02,4.066677099999999712e+01,-7.379324099999999476e+01
2.300000000000000000e+02,4.066674040000000190e+01,-7.379611099999999624e+01
2.310000000000000000e+02,4.066672049999999672e+01,-7.379936100000000465e+01
2.320000000000000000e+02,4.066681049999999686e+01,-7.379968100000000675e+01
2.330000000000000000e+02,4.066697059999999908e+01,-7.379989000000000487e+01
2.340000000000000000e+02,4.075829000000000235e+01,-7.399753099999999506e+01
2.350000000000000000e+02,4.076050000000000040e+01,-7.400320000000000675e+01
2.380000000000000000e+02,4.075781059999999911e+01,-7.399680100000000493e+01
2.390000000000000000e+02,4.076045059999999864e+01,-7.400322099999999637e+01
2.420000000000000000e+02,4.063090040000000158e+01,-7.414569000000000187e+01
2.430000000000000000e+02,4.063259000000000043e+01,-7.414553100000000541e+01
2.440000000000000000e+02,4.063435049999999649e+01,-7.414513100000000634e+01
2.450000000000000000e+02,4.063529050000000353e+01,-7.414491099999999335e+01
2.460000000000000000e+02,4.063952050000000327e+01,-7.414316100000000631e+01
2.540000000000000000e+02,4.075766000000000133e+01,-7.399687000000000126e+01
2.550000000000000000e+02,4.076039999999999708e+01,-7.400328000000000372e+01
2.580000000000000000e+02,4.078795000000000215e+01,-7.379019099999999298e+01
2.590000000000000000e+02,4.078647000000000133e+01,-7.378812000000000637e+01
2.600000000000000000e+02,4.078621040000000164e+01,-7.378778099999999540e+01
2.610000000000000000e+02,4.078587000000000273e+01,-7.378738099999999633e+01
2.620000000000000000e+02,4.078541059999999874e+01,-7.378693099999999561e+01
2.630000000000000000e+02,4.078465059999999909e+01,-7.378626099999999610e+01
2.640000000000000000e+02,4.078438059999999865e+01,-7.378607100000000685e+01
2.650000000000000000e+02,4.078327000000000169e+01,-7.378547000000000367e+01
2.660000000000000000e+02,4.078265999999999991e+01,-7.378527099999999450e+01
2.670000000000000000e+02,4.077956040000000115e+01,-7.378463000000000704e+01
2.680000000000000000e+02,4.077606000000000108e+01,-7.378439000000000192e+01
2.690000000000000000e+02,4.077373000000000047e+01,-7.378426000000000329e+01
2.700000000000000000e+02,4.078802000000000305e+01,-7.379003000000000156e+01
2.710000000000000000e+02,4.078686040000000190e+01,-7.378838000000000363e+01
2.720000000000000000e+02,4.078635059999999868e+01,-7.378777100000000644e+01
2.730000000000000000e+02,4.078545040000000199e+01,-7.378683100000000650e+01
2.740000000000000000e+02,4.078502000000000294e+01,-7.378648099999999488e+01
2.750000000000000000e+02,4.078480040000000173e+01,-7.378632000000000346e+01
2.760000000000000000e+02,4.078440049999999673e+01,-7.378601000000000454e+01
2.770000000000000000e+02,4.078377040000000164e+01,-7.378567099999999357e+01
2.780000000000000000e+02,4.078317049999999711e+01,-7.378538000000000352e+01
2.790000000000000000e+02,4.078264000000000067e+01,-7.378520000000000323e+01
2.800000000000000000e+02,4.078170000000000073e+01,-7.378497000000000128e+01
2.810000000000000000e+02,4.078115999999999985e+01,-7.378489000000000431e+01
2.830000000000000000e+02,4.074422059999999846e+01,-7.377166099999999460e+01
2.840000000000000000e+02,4.074543059999999883e+01,-7.376906999999999925e+01
2.850000000000000000e+02,4.074570099999999684e+01,-7.376830999999999960e+01
2.860000000000000000e+02,4.074650050000000334e+01,-7.376539999999999964e+01
2.870000000000000000e+02,4.074764040000000165e+01,-7.376127999999999929e+01
2.880000000000000000e+02,4.074809050000000354e+01,-7.376008000000000209e+01
2.890000000000000000e+02,4.074887040000000127e+01,-7.375842000000000098e+01
2.900000000000000000e+02,4.074920000000000186e+01,-7.375755100000000652e+01
2.910000000000000000e+02,4.074947000000000230e+01,-7.375657999999999959e+01
2.920000000000000000e+02,4.075032000000000210e+01,-7.375319000000000358e+01
2.930000000000000000e+02,4.075069059999999865e+01,-7.375108000000000175e+01
2.940000000000000000e+02,4.075084040000000130e+01,-7.375023000000000195e+01
2.950000000000000000e+02,4.075375040000000126e+01,-7.374439099999999314e+01
2.960000000000000000e+02,4.075605000000000189e+01,-7.374085100000000637e+01
2.970000000000000000e+02,4.075767050000000324e+01,-7.373839099999999291e+01
2.980000000000000000e+02,4.075919040000000138e+01,-7.373584099999999353e+01
2.990000000000000000e+02,4.075966040000000135e+01,-7.373485100000000614e+01
3.000000000000000000e+02,4.075999000000000194e+01,-7.373387999999999920e+01
3.010000000000000000e+02,4.076072059999999908e+01,-7.373196000000000083e+01
3.020000000000000000e+02,4.076113000000000142e+01,-7.373105099999999368e+01
3.030000000000000000e+02,4.076178000000000168e+01,-7.372999000000000080e+01
3.040000000000000000e+02,4.076274000000000086e+01,-7.372850999999999999e+01
3.050000000000000000e+02,4.076331040000000172e+01,-7.372742100000000676e+01
3.060000000000000000e+02,4.076380000000000337e+01,-7.372608999999999924e+01
3.070000000000000000e+02,4.079782000000000153e+01,-7.379339000000000226e+01
3.080000000000000000e+02,4.079342499999999916e+01,-7.379344000000000392e+01
3.090000000000000000e+02,4.079279400000000066e+01,-7.379337001000000384e+01
3.100000000000000000e+02,4.079200000000000159e+01,-7.379318000000000666e+01
3.110000000000000000e+02,4.079086000000000212e+01,-7.379276000000000124e+01
3.120000000000000000e+02,4.079010000000000247e+01,-7.379252001000000405e+01
3.130000000000000000e+02,4.078832599999999786e+01,-7.379229001000000210e+01
3.140000000000000000e+02,4.078805499999999995e+01,-7.379212001000000498e+01
3.150000000000000000e+02,4.078792001000000056e+01,-7.379197000000000628e+01
3.160000000000000000e+02,4.078779000000000110e+01,-7.379155000000000086e+01
3.170000000000000000e+02,4.078775000000000261e+01,-7.379135001000000216e+01
3.180000000000000000e+02,4.072966000000000264e+01,-7.387775000000000603e+01
3.190000000000000000e+02,4.073016499999999951e+01,-7.387642999999999915e+01
3.200000000000000000e+02,4.073040000000000305e+01,-7.387566999999999950e+01
3.210000000000000000e+02,4.073241000000000156e+01,-7.386913001000000634e+01
3.220000000000000000e+02,4.073428499999999985e+01,-7.386321001000000308e+01
3.230000000000000000e+02,4.073504499999999950e+01,-7.386054000000000030e+01
3.240000000000000000e+02,4.073563000000000045e+01,-7.385867000000000360e+01
3.250000000000000000e+02,4.073658400000000057e+01,-7.385531000000000290e+01
3.260000000000000000e+02,4.073694400000000115e+01,-7.385327001000000280e+01
3.270000000000000000e+02,4.073728499999999997e+01,-7.385184001000000364e+01
3.280000000000000000e+02,4.072620059999999853e+01,-7.401112000000000535e+01
3.290000000000000000e+02,4.072528049999999666e+01,-7.401127999999999929e+01
3.300000000000000000e+02,4.072181049999999658e+01,-7.401198100000000579e+01
3.310000000000000000e+02,4.071955049999999687e+01,-7.401247100000000501e+01
3.320000000000000000e+02,4.071654000000000195e+01,-7.401323100000000466e+01
3.330000000000000000e+02,4.071445099999999684e+01,-7.401376000000000488e+01
3.340000000000000000e+02,4.071251000000000175e+01,-7.401429000000000258e+01
3.350000000000000000e+02,4.071084050000000332e+01,-7.401472099999999443e+01
3.360000000000000000e+02,4.070869040000000183e+01,-7.401542000000000598e+01
3.370000000000000000e+02,4.070793050000000335e+01,-7.401572000000000173e+01
3.380000000000000000e+02,4.070720000000000027e+01,-7.401597999999999900e+01
3.390000000000000000e+02,4.082512049999999704e+01,-7.383637000000000228e+01
3.400000000000000000e+02,4.082442000000000348e+01,-7.383629000000000531e+01
3.410000000000000000e+02,4.082285000000000252e+01,-7.383622099999999477e+01
3.420000000000000000e+02,4.082145059999999859e+01,-7.383621100000000581e+01
3.430000000000000000e+02,4.081892059999999844e+01,-7.383635999999999910e+01
3.440000000000000000e+02,4.081526000000000209e+01,-7.383669000000000437e+01
3.450000000000000000e+02,4.081479000000000212e+01,-7.383668000000000120e+01
3.460000000000000000e+02,4.088594049999999669e+01,-7.389649000000000001e+01
3.470000000000000000e+02,4.088681040000000166e+01,-7.389526100000000497e+01
3.480000000000000000e+02,4.088735049999999660e+01,-7.389429099999999551e+01
3.490000000000000000e+02,4.088805099999999726e+01,-7.389264000000000010e+01
3.500000000000000000e+02,4.088843099999999708e+01,-7.389133999999999958e+01
3.510000000000000000e+02,4.088893000000000200e+01,-7.388935100000000489e+01
3.520000000000000000e+02,4.088931000000000182e+01,-7.388832100000000480e+01
3.530000000000000000e+02,4.088975099999999685e+01,-7.388748999999999967e+01
3.540000000000000000e+02,4.089019040000000160e+01,-7.388682000000000016e+01
3.550000000000000000e+02,4.089073049999999654e+01,-7.388618099999999345e+01
3.560000000000000000e+02,4.089128000000000185e+01,-7.388554000000000599e+01
3.570000000000000000e+02,4.089218000000000330e+01,-7.388466999999999985e+01
3.580000000000000000e+02,4.082407059999999888e+01,-7.387431100000000583e+01
3.590000000000000000e+02,4.082469999999999999e+01,-7.386959000000000231e+01
3.600000000000000000e+02,4.082519059999999911e+01,-7.386596000000000117e+01
3.610000000000000000e+02,4.082536000000000342e+01,-7.386426000000000158e+01
3.620000000000000000e+02,4.082587000000000188e+01,-7.385961000000000354e+01
3.630000000000000000e+02,4.082660059999999902e+01,-7.385424000000000433e+01
3.640000000000000000e+02,4.082718059999999838e+01,-7.384994000000000369e+01
3.650000000000000000e+02,4.075719000000000136e+01,-7.399724000000000501e+01
3.690000000000000000e+02,4.080069000000000301e+01,-7.392878000000000327e+01
3.700000000000000000e+02,4.080130050000000352e+01,-7.393018100000000459e+01
3.710000000000000000e+02,4.080141040000000174e+01,-7.393057000000000301e+01
3.720000000000000000e+02,4.080143000000000342e+01,-7.393084000000000344e+01
3.730000000000000000e+02,4.080133000000000010e+01,-7.393106000000000222e+01
3.740000000000000000e+02,4.080114040000000131e+01,-7.393126100000000633e+01
3.750000000000000000e+02,4.080084000000000088e+01,-7.393127099999999530e+01
3.760000000000000000e+02,4.080067040000000134e+01,-7.393115000000000236e+01
3.770000000000000000e+02,4.080052059999999869e+01,-7.393095099999999320e+01
3.780000000000000000e+02,4.080018050000000329e+01,-7.393015099999999507e+01
3.790000000000000000e+02,4.087049999999999983e+01,-7.392993099999999629e+01
3.800000000000000000e+02,4.079989049999999651e+01,-7.392972000000000321e+01
3.810000000000000000e+02,4.080110049999999688e+01,-7.392846000000000117e+01
3.820000000000000000e+02,4.080151000000000039e+01,-7.393066000000000315e+01
3.830000000000000000e+02,4.080140000000000100e+01,-7.393111000000000388e+01
3.840000000000000000e+02,4.080123040000000145e+01,-7.393129000000000417e+01
3.850000000000000000e+02,4.080096000000000345e+01,-7.393140999999999963e+01
3.860000000000000000e+02,4.080074050000000341e+01,-7.393133000000000266e+01
3.870000000000000000e+02,4.080050099999999702e+01,-7.393106000000000222e+01
3.880000000000000000e+02,4.080026000000000153e+01,-7.393057000000000301e+01
3.890000000000000000e+02,4.081000000000000227e+01,-7.393001999999999896e+01
3.900000000000000000e+02,4.079976059999999904e+01,-7.392972000000000321e+01
3.910000000000000000e+02,4.079942049999999654e+01,-7.392951100000000508e+01
3.920000000000000000e+02,4.079901000000000266e+01,-7.392945000000000277e+01
3.930000000000000000e+02,4.079771000000000214e+01,-7.392934099999999376e+01
3.940000000000000000e+02,4.077230000000000132e+01,-7.391983000000000459e+01
3.950000000000000000e+02,4.077383040000000136e+01,-7.392197000000000173e+01
3.960000000000000000e+02,4.077443000000000239e+01,-7.392261000000000593e+01
3.970000000000000000e+02,4.077546000000000248e+01,-7.392346000000000572e+01
3.980000000000000000e+02,4.077838059999999842e+01,-7.392563099999999565e+01
3.990000000000000000e+02,4.078103000000000122e+01,-7.392763100000000520e+01
4.000000000000000000e+02,4.078363000000000227e+01,-7.392961099999999419e+01
4.010000000000000000e+02,4.078427099999999683e+01,-7.392989000000000033e+01
4.020000000000000000e+02,4.078509999999999991e+01,-7.392997099999999477e+01
4.030000000000000000e+02,4.078581049999999664e+01,-7.392984099999999614e+01
4.040000000000000000e+02,4.078629000000000104e+01,-7.392960100000000523e+01
4.050000000000000000e+02,4.078680099999999698e+01,-7.392923000000000400e+01
4.060000000000000000e+02,4.078799000000000063e+01,-7.392000000000000171e+01
4.070000000000000000e+02,4.077223000000000042e+01,-7.391994099999999435e+01
4.080000000000000000e+02,4.077367000000000274e+01,-7.392198000000000491e+01
4.090000000000000000e+02,4.077442059999999913e+01,-7.392278000000000304e+01
4.100000000000000000e+02,4.077714000000000283e+01,-7.392491099999999449e+01
4.110000000000000000e+02,4.078107099999999718e+01,-7.392788000000000181e+01
4.120000000000000000e+02,4.078311000000000064e+01,-7.392942100000000494e+01
4.130000000000000000e+02,4.078371059999999915e+01,-7.392987100000000567e+01
4.140000000000000000e+02,4.078422050000000354e+01,-7.393008000000000379e+01
4.150000000000000000e+02,4.078477000000000174e+01,-7.393017000000000394e+01
4.160000000000000000e+02,4.078549000000000291e+01,-7.393010999999999910e+01
4.170000000000000000e+02,4.078603999999999985e+01,-7.392991000000000668e+01
4.180000000000000000e+02,4.078665000000000163e+01,-7.392952999999999975e+01
4.190000000000000000e+02,4.078972000000000264e+01,-7.392600000000000193e+01
4.200000000000000000e+02,4.077225099999999713e+01,-7.391989100000000690e+01
4.210000000000000000e+02,4.077391000000000076e+01,-7.392220000000000368e+01
4.220000000000000000e+02,4.077474000000000132e+01,-7.392301000000000499e+01
4.230000000000000000e+02,4.077647000000000332e+01,-7.392431000000000552e+01
4.240000000000000000e+02,4.077836059999999918e+01,-7.392576099999999428e+01
4.250000000000000000e+02,4.078102049999999679e+01,-7.392776000000000636e+01
4.260000000000000000e+02,4.078372000000000241e+01,-7.392982000000000653e+01
4.270000000000000000e+02,4.078422050000000354e+01,-7.393001999999999896e+01
4.280000000000000000e+02,4.078477000000000174e+01,-7.393010999999999910e+01
4.290000000000000000e+02,4.078549000000000291e+01,-7.393005100000000596e+01
4.300000000000000000e+02,4.078603040000000135e+01,-7.392985000000000184e+01
4.310000000000000000e+02,4.078662059999999911e+01,-7.392951100000000508e+01
4.330000000000000000e+02,4.079789000000000243e+01,-7.391988000000000625e+01
4.340000000000000000e+02,4.079771000000000214e+01,-7.392004000000000019e+01
4.350000000000000000e+02,4.079758000000000351e+01,-7.392022000000000048e+01
4.360000000000000000e+02,4.079747040000000169e+01,-7.392059000000000424e+01
4.370000000000000000e+02,4.079750099999999691e+01,-7.392109000000000663e+01
4.380000000000000000e+02,4.079766000000000048e+01,-7.392164999999999964e+01
4.390000000000000000e+02,4.079811000000000121e+01,-7.392263099999999554e+01
4.400000000000000000e+02,4.079834000000000316e+01,-7.392299099999999612e+01
4.410000000000000000e+02,4.079872000000000298e+01,-7.392381000000000313e+01
4.420000000000000000e+02,4.079909099999999711e+01,-7.392468100000000675e+01
4.430000000000000000e+02,4.079933050000000350e+01,-7.392524000000000228e+01
4.440000000000000000e+02,4.079998049999999665e+01,-7.392688099999999451e+01
4.450000000000000000e+02,4.080096000000000345e+01,-7.392000000000000171e+01
4.460000000000000000e+02,4.078953599999999824e+01,-7.378631000000000029e+01
4.470000000000000000e+02,4.078940000000000055e+01,-7.378764999999999930e+01
4.480000000000000000e+02,4.078897599999999812e+01,-7.378955000000000553e+01
4.490000000000000000e+02,4.078896000000000299e+01,-7.379011001000000647e+01
4.500000000000000000e+02,4.078912400000000105e+01,-7.379086001000000294e+01
4.510000000000000000e+02,4.078927000000000191e+01,-7.379118001000000504e+01
4.520000000000000000e+02,4.078953599999999824e+01,-7.379157001000000093e+01
4.530000000000000000e+02,4.078996000000000066e+01,-7.379196000000000311e+01
4.540000000000000000e+02,4.079071400000000125e+01,-7.379246000000000549e+01
4.550000000000000000e+02,4.079110000000000014e+01,-7.379267000000000110e+01
4.560000000000000000e+02,4.079197599999999824e+01,-7.379300000000000637e+01
4.580000000000000000e+02,4.081476099999999718e+01,-7.383668000000000120e+01
4.590000000000000000e+02,4.081354000000000326e+01,-7.383659000000000106e+01
4.600000000000000000e+02,4.081305040000000162e+01,-7.383650000000000091e+01
4.610000000000000000e+02,4.081245049999999708e+01,-7.383638000000000545e+01
4.620000000000000000e+02,4.081184040000000124e+01,-7.383612100000000567e+01
4.630000000000000000e+02,4.081110000000000326e+01,-7.383562000000000580e+01
4.640000000000000000e+02,4.080493059999999872e+01,-7.383182100000000503e+01
4.650000000000000000e+02,4.079925000000000068e+01,-7.382825099999999452e+01
4.660000000000000000e+02,4.079932000000000158e+01,-7.382809000000000310e+01
4.670000000000000000e+02,4.080060000000000286e+01,-7.382895000000000607e+01
4.680000000000000000e+02,4.080470040000000154e+01,-7.383146000000000697e+01
4.690000000000000000e+02,4.081144050000000334e+01,-7.383571000000000595e+01
4.700000000000000000e+02,4.081202040000000153e+01,-7.383603100000000552e+01
4.710000000000000000e+02,4.081249040000000150e+01,-7.383621100000000581e+01
4.720000000000000000e+02,4.081285050000000325e+01,-7.383626099999999326e+01
4.730000000000000000e+02,4.081482050000000328e+01,-7.383629000000000531e+01
4.740000000000000000e+02,4.077126049999999680e+01,-7.383331099999999481e+01
4.750000000000000000e+02,4.077278040000000203e+01,-7.383087000000000444e+01
4.760000000000000000e+02,4.077333000000000141e+01,-7.383015000000000327e+01
4.770000000000000000e+02,4.077421040000000119e+01,-7.382927100000000564e+01
4.780000000000000000e+02,4.077584000000000231e+01,-7.382814000000000476e+01
4.790000000000000000e+02,4.077868000000000137e+01,-7.382650999999999897e+01
4.800000000000000000e+02,4.078087000000000018e+01,-7.382537000000000660e+01
4.810000000000000000e+02,4.078189040000000176e+01,-7.382494099999999548e+01
4.820000000000000000e+02,4.078298000000000201e+01,-7.382462099999999339e+01
4.830000000000000000e+02,4.078706040000000144e+01,-7.382379000000000246e+01
4.840000000000000000e+02,4.078816049999999649e+01,-7.382321000000000311e+01
4.850000000000000000e+02,4.078889000000000209e+01,-7.382270099999999502e+01
4.860000000000000000e+02,4.068036000000000030e+01,-7.400441001000000085e+01
4.870000000000000000e+02,4.068220000000000169e+01,-7.400572010000000489e+01
4.880000000000000000e+02,4.068370000000000175e+01,-7.400643999999999778e+01
4.890000000000000000e+02,4.068563000000000329e+01,-7.400757000000000119e+01
4.900000000000000000e+02,4.069412049999999681e+01,-7.401288001000000349e+01
4.910000000000000000e+02,4.070028010000000052e+01,-7.401529001000000108e+01
4.920000000000000000e+02,4.070121000000000322e+01,-7.401560000000000628e+01
4.930000000000000000e+02,4.070343400000000145e+01,-7.401561010000000351e+01
4.940000000000000000e+02,4.070499000000000223e+01,-7.401519000000000403e+01
4.950000000000000000e+02,4.070609000000000322e+01,-7.401467999999999847e+01
4.960000000000000000e+02,4.070631000000000199e+01,-7.401501000000000374e+01
4.970000000000000000e+02,4.070537999999999812e+01,-7.401528000000000418e+01
4.980000000000000000e+02,4.070495999999999981e+01,-7.401546000000000447e+01
4.990000000000000000e+02,4.070374000000000336e+01,-7.401574001000000180e+01
5.000000000000000000e+02,4.070304000000000144e+01,-7.401582000000000505e+01
5.010000000000000000e+02,4.070125999999999777e+01,-7.401573999999999387e+01
5.020000000000000000e+02,4.070026000000000010e+01,-7.401541000000000281e+01
5.030000000000000000e+02,4.069407999999999959e+01,-7.401304000000000372e+01
5.040000000000000000e+02,4.068556000000000239e+01,-7.400778999999999996e+01
5.050000000000000000e+02,4.068363000000000085e+01,-7.400668000000000291e+01
5.060000000000000000e+02,4.068213000000000079e+01,-7.400602000000000658e+01
5.070000000000000000e+02,4.068115999999999843e+01,-7.400531999999999755e+01
5.080000000000000000e+02,4.067980000000000018e+01,-7.400415999999999883e+01
5.090000000000000000e+02,4.079781499999999994e+01,-7.379321000000000197e+01
5.100000000000000000e+02,4.080217999999999989e+01,-7.379324001000000521e+01
5.110000000000000000e+02,4.080761400000000094e+01,-7.379345000000000709e+01
5.120000000000000000e+02,4.080981599999999787e+01,-7.379345000000000709e+01
5.130000000000000000e+02,4.081115499999999940e+01,-7.379364999999999952e+01
5.140000000000000000e+02,4.081224000000000274e+01,-7.379403000000000645e+01
5.150000000000000000e+02,4.081334400000000073e+01,-7.379467999999999961e+01
5.160000000000000000e+02,4.081418000000000035e+01,-7.379534001000000387e+01
5.170000000000000000e+02,4.081473400000000140e+01,-7.379586000000000467e+01
5.180000000000000000e+02,4.081535000000000224e+01,-7.379655001000000425e+01
5.190000000000000000e+02,4.081612499999999955e+01,-7.379772001000000614e+01
5.200000000000000000e+02,4.081662000000000035e+01,-7.379872000000000298e+01
5.210000000000000000e+02,4.081763000000000119e+01,-7.380362001000000305e+01
5.220000000000000000e+02,4.081751599999999769e+01,-7.380261000000000138e+01
5.230000000000000000e+02,4.081722599999999801e+01,-7.380083000000000482e+01
5.240000000000000000e+02,4.081692000000000320e+01,-7.379984000000000322e+01
5.250000000000000000e+02,4.081633000000000067e+01,-7.379839001000000565e+01
5.260000000000000000e+02,4.081583499999999987e+01,-7.379751000000000261e+01
5.270000000000000000e+02,4.081518499999999960e+01,-7.379659001000000274e+01
5.280000000000000000e+02,4.081439000000000306e+01,-7.379573000000000604e+01
5.290000000000000000e+02,4.081353000000000009e+01,-7.379503001000000495e+01
5.300000000000000000e+02,4.081242000000000303e+01,-7.379433000000000220e+01
5.310000000000000000e+02,4.081186000000000291e+01,-7.379407000000000494e+01
5.320000000000000000e+02,4.081112000000000251e+01,-7.379382001000000457e+01
5.340000000000000000e+02,4.074153400000000147e+01,-7.395406001000000629e+01
5.350000000000000000e+02,4.074150000000000205e+01,-7.395491001000000608e+01
5.360000000000000000e+02,4.074252599999999802e+01,-7.395976000000000283e+01
5.370000000000000000e+02,4.074312499999999915e+01,-7.396152001000000098e+01
5.380000000000000000e+02,4.074543599999999799e+01,-7.396631001000000083e+01
5.390000000000000000e+02,4.074623400000000117e+01,-7.396946001000000592e+01
5.400000000000000000e+02,4.074583499999999958e+01,-7.397259001000000467e+01
5.410000000000000000e+02,4.074598000000000297e+01,-7.397347000000000605e+01
5.420000000000000000e+02,4.074670400000000114e+01,-7.397514999999999930e+01
5.430000000000000000e+02,4.074572599999999767e+01,-7.397359000000000151e+01
5.440000000000000000e+02,4.074561599999999828e+01,-7.397305000000000064e+01
5.450000000000000000e+02,4.074561599999999828e+01,-7.397264001000000633e+01
5.460000000000000000e+02,4.074605400000000088e+01,-7.396949001000000123e+01
5.470000000000000000e+02,4.074586000000000041e+01,-7.396844000000000108e+01
5.480000000000000000e+02,4.074536499999999961e+01,-7.396643000000000256e+01
5.490000000000000000e+02,4.074304000000000059e+01,-7.396157001000000264e+01
5.500000000000000000e+02,4.074244000000000199e+01,-7.395983001000000456e+01
5.510000000000000000e+02,4.074218499999999921e+01,-7.395887000000000455e+01
5.520000000000000000e+02,4.074143000000000114e+01,-7.395491001000000608e+01
5.530000000000000000e+02,4.074136000000000024e+01,-7.395378001000000268e+01
5.540000000000000000e+02,4.061052000000000106e+01,-7.409769000000000005e+01
5.550000000000000000e+02,4.061056099999999702e+01,-7.409586000000000183e+01
5.560000000000000000e+02,4.061024050000000329e+01,-7.409388099999999611e+01
5.570000000000000000e+02,4.060983000000000231e+01,-7.409251000000000431e+01
5.580000000000000000e+02,4.060698000000000008e+01,-7.408574000000000126e+01
5.590000000000000000e+02,4.060650040000000160e+01,-7.408385099999999568e+01
5.600000000000000000e+02,4.060616000000000270e+01,-7.408178100000000654e+01
5.610000000000000000e+02,4.060596000000000316e+01,-7.407601099999999406e+01
5.620000000000000000e+02,4.060547040000000152e+01,-7.407342099999999618e+01
5.630000000000000000e+02,4.060388999999999982e+01,-7.406922000000000139e+01
5.640000000000000000e+02,4.061010000000000275e+01,-7.410893000000000086e+01
5.650000000000000000e+02,4.061028000000000304e+01,-7.411050000000000182e+01
5.660000000000000000e+02,4.061097000000000179e+01,-7.411299999999999955e+01
5.670000000000000000e+02,4.061107049999999674e+01,-7.411567100000000607e+01
5.680000000000000000e+02,4.061079000000000150e+01,-7.411726000000000170e+01
5.690000000000000000e+02,4.060938000000000159e+01,-7.412241000000000213e+01
5.700000000000000000e+02,4.060843059999999838e+01,-7.412740100000000609e+01
5.710000000000000000e+02,4.060804000000000258e+01,-7.413212000000000046e+01
5.720000000000000000e+02,4.056058000000000163e+01,-7.419958099999999490e+01
5.730000000000000000e+02,4.056814099999999712e+01,-7.419201099999999371e+01
5.740000000000000000e+02,4.057008040000000193e+01,-7.419075100000000589e+01
5.750000000000000000e+02,4.057199099999999703e+01,-7.419015000000000271e+01
5.760000000000000000e+02,4.057371049999999713e+01,-7.419004099999999369e+01
5.770000000000000000e+02,4.057512049999999704e+01,-7.419029000000000451e+01
5.780000000000000000e+02,4.057633059999999858e+01,-7.419057100000000560e+01
5.790000000000000000e+02,4.057770000000000010e+01,-7.419088000000000704e+01
5.800000000000000000e+02,4.058998040000000174e+01,-7.419356000000000506e+01
5.810000000000000000e+02,4.055926000000000187e+01,-7.420113000000000625e+01
5.820000000000000000e+02,4.055849059999999895e+01,-7.420235099999999306e+01
5.830000000000000000e+02,4.055789000000000044e+01,-7.420363000000000397e+01
5.840000000000000000e+02,4.055738000000000198e+01,-7.420495999999999981e+01
5.850000000000000000e+02,4.055616059999999834e+01,-7.420974099999999396e+01
5.860000000000000000e+02,4.055589049999999673e+01,-7.421055099999999527e+01
5.870000000000000000e+02,4.055516000000000076e+01,-7.421247099999999364e+01
5.880000000000000000e+02,4.055443000000000353e+01,-7.421399099999999294e+01
5.890000000000000000e+02,4.055386000000000024e+01,-7.421500000000000341e+01
5.900000000000000000e+02,4.055291040000000180e+01,-7.421635000000000559e+01
5.910000000000000000e+02,4.055187000000000097e+01,-7.421765000000000612e+01
5.930000000000000000e+02,4.061072000000000060e+01,-7.409791099999999631e+01
5.940000000000000000e+02,4.061075000000000301e+01,-7.409627000000000407e+01
5.950000000000000000e+02,4.061061000000000121e+01,-7.409465000000000146e+01
5.960000000000000000e+02,4.061021000000000214e+01,-7.409299000000000035e+01
5.970000000000000000e+02,4.060968040000000201e+01,-7.409162000000000603e+01
5.980000000000000000e+02,4.060841059999999914e+01,-7.408862000000000592e+01
5.990000000000000000e+02,4.060722049999999683e+01,-7.408561000000000263e+01
6.000000000000000000e+02,4.060679040000000128e+01,-7.408435000000000059e+01
6.010000000000000000e+02,4.060648050000000353e+01,-7.408259099999999364e+01
6.020000000000000000e+02,4.060636000000000223e+01,-7.408089999999999975e+01
6.030000000000000000e+02,4.060626059999999882e+01,-7.407679000000000258e+01
6.040000000000000000e+02,4.060607000000000255e+01,-7.407518000000000313e+01
6.050000000000000000e+02,4.060561059999999856e+01,-7.400000000000000000e+01
6.060000000000000000e+02,4.057748000000000133e+01,-7.419046000000000163e+01
6.070000000000000000e+02,4.057623000000000246e+01,-7.419018099999999549e+01
6.080000000000000000e+02,4.057420050000000344e+01,-7.418980000000000530e+01
6.090000000000000000e+02,4.057251000000000118e+01,-7.418982099999999491e+01
6.100000000000000000e+02,4.057162000000000290e+01,-7.418998000000000559e+01
6.110000000000000000e+02,4.057033059999999836e+01,-7.419039100000000531e+01
6.120000000000000000e+02,4.056777000000000299e+01,-7.419201099999999371e+01
6.130000000000000000e+02,4.056040000000000134e+01,-7.419941000000000031e+01
6.140000000000000000e+02,4.056042000000000058e+01,-7.419939100000000565e+01
6.150000000000000000e+02,4.055924000000000262e+01,-7.420076000000000249e+01
6.160000000000000000e+02,4.055851049999999702e+01,-7.420184000000000424e+01
6.170000000000000000e+02,4.055790040000000118e+01,-7.420306100000000527e+01
6.180000000000000000e+02,4.055719059999999843e+01,-7.420485100000000500e+01
6.190000000000000000e+02,4.055606000000000222e+01,-7.420935000000000059e+01
6.200000000000000000e+02,4.055573040000000162e+01,-7.421045100000000616e+01
6.210000000000000000e+02,4.055519000000000318e+01,-7.421191000000000315e+01
6.220000000000000000e+02,4.055444099999999708e+01,-7.421348000000000411e+01
6.230000000000000000e+02,4.055369000000000312e+01,-7.421480099999999425e+01
6.240000000000000000e+02,4.055285099999999687e+01,-7.421610099999999477e+01
6.250000000000000000e+02,4.055182059999999922e+01,-7.421734100000000467e+01
6.270000000000000000e+02,4.067643000000000342e+01,-7.400124099999999316e+01
6.280000000000000000e+02,4.067724050000000346e+01,-7.400174099999999555e+01
6.290000000000000000e+02,4.067836049999999659e+01,-7.400253100000000472e+01
6.300000000000000000e+02,4.067925000000000324e+01,-7.400330999999999904e+01
6.310000000000000000e+02,4.067957049999999697e+01,-7.400341000000000236e+01
6.320000000000000000e+02,4.068001000000000289e+01,-7.400332000000000221e+01
6.330000000000000000e+02,4.068058059999999898e+01,-7.400303099999999290e+01
6.340000000000000000e+02,4.068147040000000203e+01,-7.400260000000000105e+01
6.360000000000000000e+02,4.068720040000000182e+01,-7.399981099999999401e+01
6.370000000000000000e+02,4.068922059999999874e+01,-7.399885000000000446e+01
6.380000000000000000e+02,4.068972000000000122e+01,-7.398999999999999488e+01
6.390000000000000000e+02,4.077233040000000130e+01,-7.391979000000000610e+01
6.400000000000000000e+02,4.077383999999999986e+01,-7.392192000000000007e+01
6.410000000000000000e+02,4.077445000000000164e+01,-7.392258099999999388e+01
6.420000000000000000e+02,4.077547059999999846e+01,-7.392343099999999367e+01
6.430000000000000000e+02,4.077840049999999650e+01,-7.392561000000000604e+01
6.440000000000000000e+02,4.078106040000000121e+01,-7.392759100000000672e+01
6.450000000000000000e+02,4.078364049999999708e+01,-7.392957099999999571e+01
6.460000000000000000e+02,4.078430000000000177e+01,-7.392986000000000502e+01
6.470000000000000000e+02,4.078509999999999991e+01,-7.392992099999999311e+01
6.480000000000000000e+02,4.078581049999999664e+01,-7.392978100000000552e+01
6.490000000000000000e+02,4.078627000000000180e+01,-7.392955000000000609e+01
6.500000000000000000e+02,4.078674000000000177e+01,-7.392923000000000400e+01
6.510000000000000000e+02,4.088594049999999669e+01,-7.389676000000000045e+01
6.520000000000000000e+02,4.088698000000000121e+01,-7.389527999999999963e+01
6.530000000000000000e+02,4.088762049999999704e+01,-7.389406999999999925e+01
6.540000000000000000e+02,4.088845059999999876e+01,-7.389185000000000514e+01
6.550000000000000000e+02,4.088919059999999916e+01,-7.388904100000000597e+01
6.560000000000000000e+02,4.088976000000000255e+01,-7.388773000000000479e+01
6.570000000000000000e+02,4.089075040000000172e+01,-7.388644100000000492e+01
6.580000000000000000e+02,4.089382049999999680e+01,-7.388335100000000466e+01
6.590000000000000000e+02,4.089662059999999855e+01,-7.388065000000000282e+01
6.600000000000000000e+02,4.089785049999999700e+01,-7.387982100000000685e+01
6.610000000000000000e+02,4.089928050000000326e+01,-7.387933099999999342e+01
6.630000000000000000e+02,4.067574050000000341e+01,-7.400126000000000204e+01
6.640000000000000000e+02,4.067652040000000113e+01,-7.400180000000000291e+01
6.650000000000000000e+02,4.067817000000000149e+01,-7.400322099999999637e+01
6.660000000000000000e+02,4.067864000000000146e+01,-7.400347100000000466e+01
6.670000000000000000e+02,4.067925000000000324e+01,-7.400360000000000582e+01
6.680000000000000000e+02,4.067960000000000065e+01,-7.400357999999999947e+01
6.690000000000000000e+02,4.068003000000000213e+01,-7.400344099999999514e+01
6.700000000000000000e+02,4.068062050000000340e+01,-7.400316100000000574e+01
6.710000000000000000e+02,4.068153000000000219e+01,-7.400272999999999968e+01
6.730000000000000000e+02,4.068726000000000198e+01,-7.399995099999999582e+01
6.740000000000000000e+02,4.068924049999999681e+01,-7.399899000000000626e+01
6.750000000000000000e+02,4.068972000000000122e+01,-7.399880000000000280e+01
6.760000000000000000e+02,4.077142059999999901e+01,-7.383344999999999914e+01
6.770000000000000000e+02,4.077027040000000113e+01,-7.383540000000000703e+01
6.780000000000000000e+02,4.076924000000000348e+01,-7.383671099999999399e+01
6.790000000000000000e+02,4.076750049999999703e+01,-7.383827100000000598e+01
6.820000000000000000e+02,4.076490040000000192e+01,-7.383984100000000694e+01
6.830000000000000000e+02,4.076456000000000301e+01,-7.383995000000000175e+01
6.840000000000000000e+02,4.076418000000000319e+01,-7.384001000000000658e+01
6.850000000000000000e+02,4.076367050000000347e+01,-7.384000000000000341e+01
6.860000000000000000e+02,4.076330000000000098e+01,-7.383994099999999605e+01
6.870000000000000000e+02,4.076260059999999896e+01,-7.383967099999999562e+01
6.880000000000000000e+02,4.076139059999999859e+01,-7.383898000000000650e+01
6.890000000000000000e+02,4.076105040000000201e+01,-7.383887000000000000e+01
6.900000000000000000e+02,4.076054059999999879e+01,-7.383879000000000303e+01
6.910000000000000000e+02,4.076001000000000118e+01,-7.383882099999999582e+01
6.920000000000000000e+02,4.075831000000000159e+01,-7.383897000000000332e+01
6.930000000000000000e+02,4.075513000000000119e+01,-7.383834000000000231e+01
6.940000000000000000e+02,4.075455000000000183e+01,-7.383811000000000035e+01
6.950000000000000000e+02,4.075130000000000052e+01,-7.383591099999999585e+01
6.960000000000000000e+02,4.075041000000000224e+01,-7.383530000000000371e+01
6.970000000000000000e+02,4.074984059999999886e+01,-7.383499999999999375e+01
6.980000000000000000e+02,4.082716059999999914e+01,-7.384993000000000052e+01
6.990000000000000000e+02,4.082771000000000328e+01,-7.384671000000000163e+01
7.000000000000000000e+02,4.082841049999999683e+01,-7.384347099999999386e+01
7.010000000000000000e+02,4.082869000000000170e+01,-7.384132999999999925e+01
7.020000000000000000e+02,4.082879049999999665e+01,-7.383859999999999957e+01
7.030000000000000000e+02,4.082891000000000048e+01,-7.383700000000000330e+01
7.040000000000000000e+02,4.082920000000000016e+01,-7.383554100000000631e+01
7.050000000000000000e+02,4.082968000000000330e+01,-7.383403099999999597e+01
7.060000000000000000e+02,4.083050000000000068e+01,-7.383239000000000374e+01
7.070000000000000000e+02,4.083211000000000013e+01,-7.382983000000000118e+01
7.080000000000000000e+02,4.083305000000000007e+01,-7.382826000000000022e+01
7.090000000000000000e+02,4.083366000000000184e+01,-7.382693000000000438e+01
7.100000000000000000e+02,4.083430059999999884e+01,-7.382571000000000083e+01
7.110000000000000000e+02,4.083472040000000192e+01,-7.386593000000000586e+01
7.120000000000000000e+02,4.083357000000000170e+01,-7.386199000000000581e+01
7.130000000000000000e+02,4.083273049999999671e+01,-7.385920000000000130e+01
7.140000000000000000e+02,4.083120000000000260e+01,-7.385408999999999935e+01
7.150000000000000000e+02,4.083017000000000252e+01,-7.385069000000000017e+01
7.160000000000000000e+02,4.083015000000000327e+01,-7.385071000000000652e+01
7.170000000000000000e+02,4.083013040000000160e+01,-7.385073099999999613e+01
7.180000000000000000e+02,4.083011050000000353e+01,-7.385073099999999613e+01
7.190000000000000000e+02,4.069153000000000020e+01,-7.399911000000000172e+01
7.200000000000000000e+02,4.069226050000000328e+01,-7.399936999999999898e+01
7.210000000000000000e+02,4.069289059999999836e+01,-7.399936999999999898e+01
7.220000000000000000e+02,4.069334059999999909e+01,-7.399925000000000352e+01
7.230000000000000000e+02,4.069406000000000034e+01,-7.399898000000000309e+01
7.240000000000000000e+02,4.069500000000000028e+01,-7.399853000000000236e+01
7.250000000000000000e+02,4.069737099999999685e+01,-7.399741000000000213e+01
7.260000000000000000e+02,4.069943099999999703e+01,-7.399642000000000053e+01
7.270000000000000000e+02,4.069977000000000089e+01,-7.399620000000000175e+01
7.280000000000000000e+02,4.070014050000000339e+01,-7.399584000000000117e+01
7.290000000000000000e+02,4.070045040000000114e+01,-7.399542099999999323e+01
7.300000000000000000e+02,4.070079049999999654e+01,-7.399488100000000657e+01
7.320000000000000000e+02,4.082420050000000344e+01,-7.387436099999999328e+01
7.330000000000000000e+02,4.082498040000000117e+01,-7.386841099999999471e+01
7.340000000000000000e+02,4.082540000000000191e+01,-7.386528099999999597e+01
7.350000000000000000e+02,4.082591000000000037e+01,-7.386031099999999583e+01
7.360000000000000000e+02,4.082669059999999916e+01,-7.385458099999999604e+01
7.370000000000000000e+02,4.082731040000000178e+01,-7.384998000000000218e+01
7.380000000000000000e+02,4.083037000000000205e+01,-7.385062000000000637e+01
7.390000000000000000e+02,4.082995999999999981e+01,-7.384925099999999532e+01
7.400000000000000000e+02,4.082946050000000326e+01,-7.384777099999999450e+01
7.410000000000000000e+02,4.082904059999999902e+01,-7.384645000000000437e+01
7.420000000000000000e+02,4.082881040000000183e+01,-7.384523000000000081e+01
7.430000000000000000e+02,4.082881040000000183e+01,-7.384419099999999503e+01
7.450000000000000000e+02,4.082986040000000116e+01,-7.383814099999999314e+01
7.460000000000000000e+02,4.083004999999999995e+01,-7.383684100000000683e+01
7.470000000000000000e+02,4.083006000000000313e+01,-7.383577999999999975e+01
7.480000000000000000e+02,4.083002050000000338e+01,-7.383451100000000622e+01
7.490000000000000000e+02,4.083009059999999835e+01,-7.383397100000000535e+01
7.500000000000000000e+02,4.083042040000000128e+01,-7.385081099999999310e+01
7.510000000000000000e+02,4.083156000000000319e+01,-7.385467099999999618e+01
7.520000000000000000e+02,4.083238000000000056e+01,-7.385734100000000524e+01
7.530000000000000000e+02,4.083312000000000097e+01,-7.385989100000000462e+01
7.540000000000000000e+02,4.083335000000000292e+01,-7.386046000000000333e+01
7.550000000000000000e+02,4.083352000000000004e+01,-7.386113000000000284e+01
7.560000000000000000e+02,4.083374059999999872e+01,-7.386201099999999542e+01
7.570000000000000000e+02,4.083415000000000106e+01,-7.386333000000000482e+01
7.580000000000000000e+02,4.083452050000000355e+01,-7.386458000000000368e+01
7.590000000000000000e+02,4.083504059999999924e+01,-7.386631099999999606e+01
7.600000000000000000e+02,4.069158000000000186e+01,-7.399929000000000201e+01
7.610000000000000000e+02,4.069221000000000288e+01,-7.399953100000000461e+01
7.620000000000000000e+02,4.069286000000000314e+01,-7.399952000000000396e+01
7.630000000000000000e+02,4.069335000000000235e+01,-7.399936099999999328e+01
7.640000000000000000e+02,4.069411000000000200e+01,-7.399907000000000323e+01
7.650000000000000000e+02,4.069508040000000193e+01,-7.399859100000000467e+01
7.660000000000000000e+02,4.069741049999999660e+01,-7.399748099999999340e+01
7.670000000000000000e+02,4.069959000000000060e+01,-7.399644000000000688e+01
7.680000000000000000e+02,4.069983059999999853e+01,-7.399627099999999302e+01
7.690000000000000000e+02,4.070022000000000162e+01,-7.399590000000000600e+01
7.700000000000000000e+02,4.070053000000000054e+01,-7.399547099999999489e+01
7.710000000000000000e+02,4.070088049999999669e+01,-7.399490000000000123e+01
7.720000000000000000e+02,4.070116000000000156e+01,-7.398999999999999488e+01
7.730000000000000000e+02,4.083022040000000175e+01,-7.385064099999999598e+01
7.740000000000000000e+02,4.082953049999999706e+01,-7.384840099999999552e+01
7.750000000000000000e+02,4.082910040000000151e+01,-7.384749100000000510e+01
7.760000000000000000e+02,4.082836000000000354e+01,-7.384590000000000032e+01
7.770000000000000000e+02,4.082814050000000350e+01,-7.384524000000000399e+01
7.780000000000000000e+02,4.082803049999999701e+01,-7.384464099999999576e+01
7.790000000000000000e+02,4.082799099999999726e+01,-7.384391100000000563e+01
7.800000000000000000e+02,4.082804000000000144e+01,-7.384298099999999465e+01
7.810000000000000000e+02,4.082819059999999922e+01,-7.384176100000000531e+01
7.820000000000000000e+02,4.082863040000000154e+01,-7.383844000000000563e+01
7.830000000000000000e+02,4.082887000000000199e+01,-7.383673000000000286e+01
7.840000000000000000e+02,4.082919040000000166e+01,-7.383548000000000400e+01
7.850000000000000000e+02,4.076248040000000117e+01,-7.383939100000000622e+01
7.860000000000000000e+02,4.076191000000000031e+01,-7.383912100000000578e+01
7.870000000000000000e+02,4.076153000000000048e+01,-7.383892000000000166e+01
7.880000000000000000e+02,4.076122000000000156e+01,-7.383879000000000303e+01
7.890000000000000000e+02,4.076096040000000187e+01,-7.383872100000000671e+01
7.900000000000000000e+02,4.076060999999999979e+01,-7.383868099999999401e+01
7.910000000000000000e+02,4.076024000000000314e+01,-7.383868999999999971e+01
7.920000000000000000e+02,4.075877049999999713e+01,-7.383884000000000469e+01
7.930000000000000000e+02,4.075845000000000340e+01,-7.383881100000000686e+01
7.940000000000000000e+02,4.075814040000000205e+01,-7.383877099999999416e+01
7.950000000000000000e+02,4.075588050000000351e+01,-7.383837099999999509e+01
7.960000000000000000e+02,4.075522000000000133e+01,-7.383820000000000050e+01
7.980000000000000000e+02,4.077125000000000199e+01,-7.383335099999999329e+01
7.990000000000000000e+02,4.077065000000000339e+01,-7.383442100000000607e+01
8.000000000000000000e+02,4.077006000000000085e+01,-7.383540000000000703e+01
8.010000000000000000e+02,4.076934099999999717e+01,-7.383641000000000076e+01
8.020000000000000000e+02,4.076874000000000109e+01,-7.383693100000000697e+01
8.030000000000000000e+02,4.076797049999999700e+01,-7.383760100000000648e+01
8.040000000000000000e+02,4.076725040000000178e+01,-7.383798000000000172e+01
8.050000000000000000e+02,4.076591049999999683e+01,-7.383889000000000635e+01
8.060000000000000000e+02,4.076557999999999993e+01,-7.383903100000000563e+01
8.070000000000000000e+02,4.076501040000000131e+01,-7.383937000000000239e+01
8.080000000000000000e+02,4.076463040000000149e+01,-7.383955000000000268e+01
8.090000000000000000e+02,4.076428099999999688e+01,-7.383965000000000600e+01
8.110000000000000000e+02,4.084643049999999675e+01,-7.393213000000000079e+01
8.120000000000000000e+02,4.084589040000000182e+01,-7.393033099999999536e+01
8.130000000000000000e+02,4.084515999999999991e+01,-7.392739000000000260e+01
8.140000000000000000e+02,4.084478000000000009e+01,-7.392540099999999370e+01
8.150000000000000000e+02,4.084471059999999909e+01,-7.392412000000000205e+01
8.160000000000000000e+02,4.084478000000000009e+01,-7.392246000000000095e+01
8.170000000000000000e+02,4.084489099999999695e+01,-7.392045000000000243e+01
8.180000000000000000e+02,4.084511049999999699e+01,-7.391534000000000049e+01
8.190000000000000000e+02,4.084513050000000334e+01,-7.391194000000000131e+01
8.200000000000000000e+02,4.084511049999999699e+01,-7.391081099999999537e+01
8.210000000000000000e+02,4.084503000000000128e+01,-7.390937099999999305e+01
8.220000000000000000e+02,4.082366999999999990e+01,-7.383602000000000487e+01
8.230000000000000000e+02,4.082026050000000339e+01,-7.383594100000000537e+01
8.240000000000000000e+02,4.081888000000000005e+01,-7.383595099999999434e+01
8.250000000000000000e+02,4.081555000000000177e+01,-7.383628000000000213e+01
8.260000000000000000e+02,4.081275000000000119e+01,-7.383626999999999896e+01
8.270000000000000000e+02,4.081139000000000294e+01,-7.383571000000000595e+01
8.280000000000000000e+02,4.079715000000000202e+01,-7.382657000000000380e+01
8.290000000000000000e+02,4.079926040000000143e+01,-7.382825099999999452e+01
8.300000000000000000e+02,4.079751000000000261e+01,-7.382709099999999580e+01
8.310000000000000000e+02,4.079571099999999717e+01,-7.382580000000000098e+01
8.320000000000000000e+02,4.079329059999999885e+01,-7.382419000000000153e+01
8.330000000000000000e+02,4.079259040000000169e+01,-7.382377999999999929e+01
8.340000000000000000e+02,4.079168099999999697e+01,-7.382350099999999316e+01
8.350000000000000000e+02,4.079076059999999870e+01,-7.382342099999999618e+01
8.360000000000000000e+02,4.078861059999999839e+01,-7.382362000000000535e+01
8.370000000000000000e+02,4.078704050000000336e+01,-7.382413999999999987e+01
8.380000000000000000e+02,4.078439000000000192e+01,-7.382470000000000709e+01
8.390000000000000000e+02,4.078249000000000279e+01,-7.382503099999999563e+01
8.400000000000000000e+02,4.078170000000000073e+01,-7.382527000000000328e+01
8.420000000000000000e+02,4.078944059999999894e+01,-7.378629100000000562e+01
8.430000000000000000e+02,4.078918000000000177e+01,-7.378791999999999973e+01
8.440000000000000000e+02,4.078876000000000346e+01,-7.378952099999999348e+01
8.450000000000000000e+02,4.078827040000000181e+01,-7.379063100000000475e+01
8.460000000000000000e+02,4.078729059999999862e+01,-7.379263000000000261e+01
8.470000000000000000e+02,4.078668040000000161e+01,-7.379410000000000025e+01
8.480000000000000000e+02,4.078640000000000043e+01,-7.379490099999999586e+01
8.490000000000000000e+02,4.078612040000000150e+01,-7.379624099999999487e+01
8.500000000000000000e+02,4.078602000000000061e+01,-7.379693000000000325e+01
8.510000000000000000e+02,4.078596000000000288e+01,-7.379837000000000558e+01
8.520000000000000000e+02,4.078614999999999924e+01,-7.380182000000000642e+01
8.530000000000000000e+02,4.078633099999999700e+01,-7.380525000000000091e+01
8.540000000000000000e+02,4.076069040000000143e+01,-7.395679099999999551e+01
8.550000000000000000e+02,4.076016059999999896e+01,-7.395750999999999920e+01
8.560000000000000000e+02,4.075941000000000258e+01,-7.395820000000000505e+01
8.570000000000000000e+02,4.075808099999999712e+01,-7.395925099999999475e+01
8.580000000000000000e+02,4.075674000000000063e+01,-7.396034000000000219e+01
8.590000000000000000e+02,4.075594000000000250e+01,-7.396094100000000537e+01
8.600000000000000000e+02,4.075485050000000342e+01,-7.396229999999999905e+01
8.610000000000000000e+02,4.075350000000000250e+01,-7.396347000000000094e+01
8.620000000000000000e+02,4.075308040000000176e+01,-7.396394100000000549e+01
8.630000000000000000e+02,4.075272040000000118e+01,-7.396419000000000210e+01
8.640000000000000000e+02,4.075171000000000276e+01,-7.396518000000000370e+01
8.650000000000000000e+02,4.075041000000000224e+01,-7.396625000000000227e+01
8.660000000000000000e+02,4.074920000000000186e+01,-7.396699999999999875e+01
8.670000000000000000e+02,4.073697099999999693e+01,-7.397477000000000658e+01
8.680000000000000000e+02,4.073651000000000266e+01,-7.397501099999999497e+01
8.690000000000000000e+02,4.073595000000000255e+01,-7.397505999999999915e+01
8.700000000000000000e+02,4.073512000000000199e+01,-7.397491100000000586e+01
8.710000000000000000e+02,4.073406099999999697e+01,-7.397461099999999590e+01
8.720000000000000000e+02,4.073273040000000123e+01,-7.397428100000000484e+01
8.730000000000000000e+02,4.073171099999999711e+01,-7.397402999999999906e+01
8.740000000000000000e+02,4.073137049999999704e+01,-7.397385099999999625e+01
8.750000000000000000e+02,4.073096000000000316e+01,-7.397359000000000151e+01
8.760000000000000000e+02,4.073067000000000348e+01,-7.397328000000000259e+01
8.770000000000000000e+02,4.073019000000000034e+01,-7.397267100000000539e+01
8.780000000000000000e+02,4.072966000000000264e+01,-7.397218100000000618e+01
8.800000000000000000e+02,4.069160000000000110e+01,-7.399915000000000020e+01
8.810000000000000000e+02,4.069236000000000075e+01,-7.399939000000000533e+01
8.820000000000000000e+02,4.069272000000000133e+01,-7.399941099999999494e+01
8.830000000000000000e+02,4.069328000000000145e+01,-7.399929000000000201e+01
8.840000000000000000e+02,4.069405040000000184e+01,-7.399900100000000691e+01
8.850000000000000000e+02,4.069446099999999689e+01,-7.399883099999999558e+01
8.860000000000000000e+02,4.069493099999999686e+01,-7.399862000000000251e+01
8.870000000000000000e+02,4.069543000000000177e+01,-7.399836000000000524e+01
8.880000000000000000e+02,4.069592000000000098e+01,-7.399813000000000329e+01
8.890000000000000000e+02,4.069675000000000153e+01,-7.399772000000000105e+01
8.900000000000000000e+02,4.069775059999999911e+01,-7.399725100000000566e+01
8.910000000000000000e+02,4.069887099999999691e+01,-7.399672099999999375e+01
8.920000000000000000e+02,4.069936059999999856e+01,-7.390000000000000568e+01
8.930000000000000000e+02,4.070908000000000015e+01,-7.399590000000000600e+01
8.940000000000000000e+02,4.070895000000000152e+01,-7.399694100000000674e+01
8.950000000000000000e+02,4.070882000000000289e+01,-7.399761100000000624e+01
8.960000000000000000e+02,4.070861000000000018e+01,-7.399827000000000510e+01
8.970000000000000000e+02,4.070841000000000065e+01,-7.399873100000000647e+01
8.980000000000000000e+02,4.070822040000000186e+01,-7.399911000000000172e+01
8.990000000000000000e+02,4.070806000000000324e+01,-7.399936999999999898e+01
9.000000000000000000e+02,4.074877000000000038e+01,-7.373895000000000266e+01
9.010000000000000000e+02,4.074799000000000149e+01,-7.373784000000000560e+01
9.020000000000000000e+02,4.074716999999999700e+01,-7.373689000000000249e+01
9.030000000000000000e+02,4.074625000000000341e+01,-7.373596999999999468e+01
9.040000000000000000e+02,4.074546999999999741e+01,-7.373499999999999943e+01
9.050000000000000000e+02,4.074466000000000321e+01,-7.373399999999999466e+01
9.060000000000000000e+02,4.074399999999999977e+01,-7.373301999999999623e+01
9.070000000000000000e+02,4.074372000000000327e+01,-7.373251000000000488e+01
9.080000000000000000e+02,4.074184000000000339e+01,-7.372848999999999364e+01
9.090000000000000000e+02,4.074060000000000059e+01,-7.372642000000000451e+01
9.100000000000000000e+02,4.073960000000000292e+01,-7.372512000000000398e+01
9.110000000000000000e+02,4.073888999999999783e+01,-7.372447099999999409e+01
9.120000000000000000e+02,4.073808040000000119e+01,-7.372398099999999488e+01
9.130000000000000000e+02,4.071166999999999803e+01,-7.372839000000000453e+01
9.140000000000000000e+02,4.071309000000000111e+01,-7.372892000000000223e+01
9.150000000000000000e+02,4.071361999999999881e+01,-7.372902000000000555e+01
9.160000000000000000e+02,4.071486000000000161e+01,-7.372910000000000252e+01
9.170000000000000000e+02,4.071576999999999913e+01,-7.372890999999999906e+01
9.180000000000000000e+02,4.071674000000000149e+01,-7.372848999999999364e+01
9.190000000000000000e+02,4.071735000000000326e+01,-7.372803000000000395e+01
9.200000000000000000e+02,4.071918000000000148e+01,-7.372642999999999347e+01
9.210000000000000000e+02,4.072008000000000294e+01,-7.372585999999999729e+01
9.220000000000000000e+02,4.072073000000000320e+01,-7.372557000000000471e+01
9.230000000000000000e+02,4.072245999999999810e+01,-7.372499000000000535e+01
9.240000000000000000e+02,4.072321999999999775e+01,-7.372480000000000189e+01
9.250000000000000000e+02,4.073176999999999737e+01,-7.372293999999999414e+01
9.260000000000000000e+02,4.071426000000000300e+01,-7.372926099999999394e+01
9.270000000000000000e+02,4.071366040000000197e+01,-7.372920000000000584e+01
9.280000000000000000e+02,4.071239059999999910e+01,-7.372886099999999487e+01
9.290000000000000000e+02,4.071038000000000068e+01,-7.372795000000000698e+01
9.300000000000000000e+02,4.070912059999999855e+01,-7.372763000000000488e+01
9.310000000000000000e+02,4.069798000000000116e+01,-7.372709000000000401e+01
9.320000000000000000e+02,4.069094050000000351e+01,-7.372678000000000509e+01
9.330000000000000000e+02,4.069009049999999661e+01,-7.372678000000000509e+01
9.340000000000000000e+02,4.068932000000000215e+01,-7.372673000000000343e+01
9.350000000000000000e+02,4.068732099999999718e+01,-7.372641000000000133e+01
9.360000000000000000e+02,4.068525999999999954e+01,-7.372634100000000501e+01
9.370000000000000000e+02,4.068525999999999954e+01,-7.372633999999999332e+01
9.380000000000000000e+02,4.068331005999999661e+01,-7.372663000000000011e+01
9.390000000000000000e+02,4.068361000000000161e+01,-7.372646000000000299e+01
9.400000000000000000e+02,4.068417000000000172e+01,-7.372599999999999909e+01
9.410000000000000000e+02,4.068465005000000190e+01,-7.372547000000000139e+01
9.420000000000000000e+02,4.068503005000000172e+01,-7.372495000000000687e+01
9.430000000000000000e+02,4.068523004000000043e+01,-7.372472000000000492e+01
9.440000000000000000e+02,4.068573010000000068e+01,-7.372444000000000131e+01
9.450000000000000000e+02,4.068613006000000354e+01,-7.372433010000000309e+01
9.460000000000000000e+02,4.068663000000000096e+01,-7.372440000000000282e+01
9.470000000000000000e+02,4.068687005999999684e+01,-7.372452010000000655e+01
9.480000000000000000e+02,4.068726000000000198e+01,-7.372485000000000355e+01
9.490000000000000000e+02,4.068364400000000103e+01,-7.372667001000000653e+01
9.500000000000000000e+02,4.068314000000000163e+01,-7.372692000000000689e+01
9.510000000000000000e+02,4.068136499999999955e+01,-7.372805999999999926e+01
9.520000000000000000e+02,4.067894400000000132e+01,-7.372983000000000686e+01
9.530000000000000000e+02,4.067823599999999828e+01,-7.373047001000000478e+01
9.540000000000000000e+02,4.067642000000000024e+01,-7.373234001000000148e+01
9.550000000000000000e+02,4.067526000000000153e+01,-7.373340000000000316e+01
9.560000000000000000e+02,4.067379400000000089e+01,-7.373464001000000678e+01
9.570000000000000000e+02,4.067288599999999832e+01,-7.373533000000000470e+01
9.580000000000000000e+02,4.066896599999999751e+01,-7.373805000000000121e+01
9.590000000000000000e+02,4.066853400000000107e+01,-7.373830999999999847e+01
9.600000000000000000e+02,4.066749000000000080e+01,-7.373900000000000432e+01
9.610000000000000000e+02,4.066638999999999982e+01,-7.376247999999999649e+01
9.620000000000000000e+02,4.066579000000000121e+01,-7.375705999999999563e+01
9.630000000000000000e+02,4.066573999999999955e+01,-7.375629999999999598e+01
9.640000000000000000e+02,4.066570999999999714e+01,-7.374939999999999429e+01
9.650000000000000000e+02,4.066541999999999746e+01,-7.374244000000000199e+01
9.660000000000000000e+02,4.066552000000000078e+01,-7.374173000000000400e+01
9.670000000000000000e+02,4.066564000000000334e+01,-7.374133000000000493e+01
9.680000000000000000e+02,4.066591999999999985e+01,-7.374067999999999756e+01
9.690000000000000000e+02,4.066610000000000014e+01,-7.374033000000000015e+01
9.700000000000000000e+02,4.066662000000000177e+01,-7.373963999999999430e+01
9.710000000000000000e+02,4.066709999999999781e+01,-7.373914999999999509e+01
9.720000000000000000e+02,4.066821000000000197e+01,-7.373820000000000618e+01
9.730000000000000000e+02,4.067220999999999975e+01,-7.373551000000000499e+01
9.750000000000000000e+02,4.073744001000000026e+01,-7.385188001000000213e+01
9.760000000000000000e+02,4.073701499999999953e+01,-7.385373001000000670e+01
9.770000000000000000e+02,4.073673000000000144e+01,-7.385543001000000629e+01
9.780000000000000000e+02,4.073652599999999779e+01,-7.385631001000000140e+01
9.790000000000000000e+02,4.073533499999999918e+01,-7.386033000000000470e+01
9.800000000000000000e+02,4.073384000000000071e+01,-7.386514001000000462e+01
9.810000000000000000e+02,4.073206400000000116e+01,-7.387065001000000564e+01
9.820000000000000000e+02,4.073175499999999971e+01,-7.387178000000000111e+01
9.830000000000000000e+02,4.073029400000000066e+01,-7.387656001000000572e+01
9.840000000000000000e+02,4.072977000000000203e+01,-7.387796000000000163e+01
9.850000000000000000e+02,4.084625049999999646e+01,-7.393216099999999358e+01
9.860000000000000000e+02,4.084695099999999712e+01,-7.393364099999999439e+01
9.870000000000000000e+02,4.084842040000000196e+01,-7.393704099999999357e+01
9.880000000000000000e+02,4.084903059999999897e+01,-7.393994000000000710e+01
9.890000000000000000e+02,4.084938040000000115e+01,-7.394181000000000381e+01
9.900000000000000000e+02,4.084990049999999684e+01,-7.394465099999999325e+01
9.970000000000000000e+02,4.084653000000000134e+01,-7.393203099999999495e+01
9.980000000000000000e+02,4.084717059999999833e+01,-7.393359100000000694e+01
9.990000000000000000e+02,4.084859000000000151e+01,-7.393695999999999913e+01
1.000000000000000000e+03,4.084921099999999683e+01,-7.393990100000000609e+01
1.001000000000000000e+03,4.084955000000000069e+01,-7.394179099999999494e+01
1.002000000000000000e+03,4.085003999999999991e+01,-7.394461099999999476e+01
1.009000000000000000e+03,4.085526000000000124e+01,-7.391859100000000637e+01
1.010000000000000000e+03,4.085266000000000020e+01,-7.392085000000000150e+01
1.011000000000000000e+03,4.085003999999999991e+01,-7.392327000000000226e+01
1.012000000000000000e+03,4.084737049999999670e+01,-7.392540999999999940e+01
1.013000000000000000e+03,4.084608000000000061e+01,-7.392638100000000634e+01
1.014000000000000000e+03,4.084534000000000020e+01,-7.392684099999999603e+01
1.015000000000000000e+03,4.084495040000000188e+01,-7.392696100000000570e+01
1.016000000000000000e+03,4.084467000000000070e+01,-7.392685000000000173e+01
1.017000000000000000e+03,4.084454000000000207e+01,-7.392668000000000461e+01
1.018000000000000000e+03,4.084437049999999658e+01,-7.392640000000000100e+01
1.019000000000000000e+03,4.084429000000000087e+01,-7.392605000000000359e+01
1.020000000000000000e+03,4.084435059999999851e+01,-7.392567999999999984e+01
1.021000000000000000e+03,4.084451099999999713e+01,-7.392000000000000171e+01
1.022000000000000000e+03,4.084667000000000314e+01,-7.393188000000000670e+01
1.023000000000000000e+03,4.084733099999999695e+01,-7.393350100000000680e+01
1.024000000000000000e+03,4.084871040000000164e+01,-7.393690100000000598e+01
1.025000000000000000e+03,4.084935000000000116e+01,-7.393988000000000227e+01
1.026000000000000000e+03,4.084962000000000160e+01,-7.394174999999999898e+01
1.027000000000000000e+03,4.085012040000000155e+01,-7.394462000000000046e+01
1.035000000000000000e+03,4.085513000000000261e+01,-7.391864999999999952e+01
1.036000000000000000e+03,4.085263049999999652e+01,-7.392088099999999429e+01
1.037000000000000000e+03,4.085000000000000142e+01,-7.392329100000000608e+01
1.038000000000000000e+03,4.084653000000000134e+01,-7.392628000000000554e+01
1.039000000000000000e+03,4.084525000000000006e+01,-7.392703000000000202e+01
1.040000000000000000e+03,4.084454000000000207e+01,-7.392742099999999539e+01
1.041000000000000000e+03,4.084426059999999836e+01,-7.392741100000000642e+01
1.042000000000000000e+03,4.084400000000000119e+01,-7.392719099999999344e+01
1.043000000000000000e+03,4.084387000000000256e+01,-7.392681000000000324e+01
1.044000000000000000e+03,4.084396000000000271e+01,-7.392623000000000388e+01
1.045000000000000000e+03,4.084438000000000102e+01,-7.392534000000000560e+01
1.046000000000000000e+03,4.084490000000000265e+01,-7.392503000000000668e+01
1.047000000000000000e+03,4.084539000000000186e+01,-7.392531999999999925e+01
1.048000000000000000e+03,4.084654050000000325e+01,-7.393202100000000598e+01
1.049000000000000000e+03,4.084611000000000303e+01,-7.393075000000000330e+01
1.050000000000000000e+03,4.084527059999999921e+01,-7.392726000000000397e+01
1.051000000000000000e+03,4.084496000000000038e+01,-7.392593100000000561e+01
1.052000000000000000e+03,4.084482059999999848e+01,-7.392481100000000538e+01
1.053000000000000000e+03,4.084482059999999848e+01,-7.392369100000000515e+01
1.054000000000000000e+03,4.084501000000000204e+01,-7.392041000000000395e+01
1.055000000000000000e+03,4.084523000000000081e+01,-7.391555999999999926e+01
1.056000000000000000e+03,4.084524040000000156e+01,-7.391197999999999979e+01
1.057000000000000000e+03,4.084520059999999830e+01,-7.391082000000000107e+01
1.058000000000000000e+03,4.084671000000000163e+01,-7.393194099999999480e+01
1.059000000000000000e+03,4.084603059999999886e+01,-7.393018100000000459e+01
1.060000000000000000e+03,4.084539000000000186e+01,-7.392753000000000441e+01
1.061000000000000000e+03,4.084559999999999746e+01,-7.392589099999999291e+01
1.062000000000000000e+03,4.084486040000000173e+01,-7.392471000000000458e+01
1.063000000000000000e+03,4.084488000000000341e+01,-7.392327000000000226e+01
1.064000000000000000e+03,4.084513050000000334e+01,-7.391885000000000616e+01
1.065000000000000000e+03,4.084527059999999921e+01,-7.391313100000000702e+01
1.066000000000000000e+03,4.084515999999999991e+01,-7.390937099999999305e+01
